codi_districte|nom_districte|codi_barri|nom_barri|codi_aeb|codi_seccio_censal|Barcelona
01|Ciutat Vella|01|el Raval|001|001|Barcelona
01|Ciutat Vella|01|el Raval|001|002|Barcelona
01|Ciutat Vella|01|el Raval|002|003|Barcelona
01|Ciutat Vella|01|el Raval|002|004|Barcelona
01|Ciutat Vella|01|el Raval|003|005|Barcelona
01|Ciutat Vella|01|el Raval|003|006|Barcelona
01|Ciutat Vella|01|el Raval|003|007|Barcelona
01|Ciutat Vella|01|el Raval|004|008|Barcelona
01|Ciutat Vella|01|el Raval|004|009|Barcelona
01|Ciutat Vella|01|el Raval|004|010|Barcelona
01|Ciutat Vella|01|el Raval|005|011|Barcelona
01|Ciutat Vella|01|el Raval|005|012|Barcelona
01|Ciutat Vella|01|el Raval|005|013|Barcelona
01|Ciutat Vella|01|el Raval|006|014|Barcelona
01|Ciutat Vella|01|el Raval|006|015|Barcelona
01|Ciutat Vella|01|el Raval|006|016|Barcelona
01|Ciutat Vella|01|el Raval|006|017|Barcelona
01|Ciutat Vella|01|el Raval|007|018|Barcelona
01|Ciutat Vella|01|el Raval|007|019|Barcelona
01|Ciutat Vella|01|el Raval|007|020|Barcelona
01|Ciutat Vella|01|el Raval|008|021|Barcelona
01|Ciutat Vella|02|el Barri Gòtic|009|022|Barcelona
01|Ciutat Vella|02|el Barri Gòtic|009|023|Barcelona
01|Ciutat Vella|02|el Barri Gòtic|010|025|Barcelona
01|Ciutat Vella|02|el Barri Gòtic|010|026|Barcelona
01|Ciutat Vella|02|el Barri Gòtic|010|027|Barcelona
01|Ciutat Vella|02|el Barri Gòtic|011|028|Barcelona
01|Ciutat Vella|02|el Barri Gòtic|011|029|Barcelona
01|Ciutat Vella|02|el Barri Gòtic|012|030|Barcelona
01|Ciutat Vella|02|el Barri Gòtic|012|031|Barcelona
01|Ciutat Vella|03|la Barceloneta|013|032|Barcelona
01|Ciutat Vella|03|la Barceloneta|013|033|Barcelona
01|Ciutat Vella|03|la Barceloneta|013|034|Barcelona
01|Ciutat Vella|03|la Barceloneta|014|035|Barcelona
01|Ciutat Vella|03|la Barceloneta|014|036|Barcelona
01|Ciutat Vella|03|la Barceloneta|015|037|Barcelona
01|Ciutat Vella|03|la Barceloneta|015|038|Barcelona
01|Ciutat Vella|03|la Barceloneta|015|039|Barcelona
01|Ciutat Vella|03|la Barceloneta|015|040|Barcelona
01|Ciutat Vella|03|la Barceloneta|015|041|Barcelona
01|Ciutat Vella|03|la Barceloneta|015|042|Barcelona
01|Ciutat Vella|04|"Sant Pere| Santa Caterina i la Ribera"|016|043|Barcelona
01|Ciutat Vella|04|"Sant Pere| Santa Caterina i la Ribera"|016|044|Barcelona
01|Ciutat Vella|04|"Sant Pere| Santa Caterina i la Ribera"|016|045|Barcelona
01|Ciutat Vella|04|"Sant Pere| Santa Caterina i la Ribera"|016|046|Barcelona
01|Ciutat Vella|04|"Sant Pere| Santa Caterina i la Ribera"|017|047|Barcelona
01|Ciutat Vella|04|"Sant Pere| Santa Caterina i la Ribera"|017|048|Barcelona
01|Ciutat Vella|04|"Sant Pere| Santa Caterina i la Ribera"|017|049|Barcelona
01|Ciutat Vella|04|"Sant Pere| Santa Caterina i la Ribera"|018|050|Barcelona
01|Ciutat Vella|04|"Sant Pere| Santa Caterina i la Ribera"|018|051|Barcelona
01|Ciutat Vella|04|"Sant Pere| Santa Caterina i la Ribera"|018|052|Barcelona
01|Ciutat Vella|04|"Sant Pere| Santa Caterina i la Ribera"|019|053|Barcelona
01|Ciutat Vella|04|"Sant Pere| Santa Caterina i la Ribera"|019|054|Barcelona
01|Ciutat Vella|04|"Sant Pere| Santa Caterina i la Ribera"|019|055|Barcelona
02|Eixample|05|el Fort Pienc|020|001|Barcelona
02|Eixample|05|el Fort Pienc|020|002|Barcelona
02|Eixample|05|el Fort Pienc|020|003|Barcelona
02|Eixample|05|el Fort Pienc|020|004|Barcelona
02|Eixample|05|el Fort Pienc|020|005|Barcelona
02|Eixample|05|el Fort Pienc|020|006|Barcelona
02|Eixample|05|el Fort Pienc|020|007|Barcelona
02|Eixample|05|el Fort Pienc|020|008|Barcelona
02|Eixample|05|el Fort Pienc|020|009|Barcelona
02|Eixample|05|el Fort Pienc|021|010|Barcelona
02|Eixample|05|el Fort Pienc|021|011|Barcelona
02|Eixample|05|el Fort Pienc|021|012|Barcelona
02|Eixample|05|el Fort Pienc|021|013|Barcelona
02|Eixample|05|el Fort Pienc|022|014|Barcelona
02|Eixample|05|el Fort Pienc|022|015|Barcelona
02|Eixample|05|el Fort Pienc|022|016|Barcelona
02|Eixample|05|el Fort Pienc|022|017|Barcelona
02|Eixample|05|el Fort Pienc|022|018|Barcelona
02|Eixample|05|el Fort Pienc|022|019|Barcelona
02|Eixample|05|el Fort Pienc|022|020|Barcelona
02|Eixample|06|la Sagrada Família|023|021|Barcelona
02|Eixample|06|la Sagrada Família|023|022|Barcelona
02|Eixample|06|la Sagrada Família|023|023|Barcelona
02|Eixample|06|la Sagrada Família|023|024|Barcelona
02|Eixample|06|la Sagrada Família|024|025|Barcelona
02|Eixample|06|la Sagrada Família|024|026|Barcelona
02|Eixample|06|la Sagrada Família|024|027|Barcelona
02|Eixample|06|la Sagrada Família|024|028|Barcelona
02|Eixample|06|la Sagrada Família|024|029|Barcelona
02|Eixample|06|la Sagrada Família|024|030|Barcelona
02|Eixample|06|la Sagrada Família|024|031|Barcelona
02|Eixample|06|la Sagrada Família|024|032|Barcelona
02|Eixample|06|la Sagrada Família|025|033|Barcelona
02|Eixample|06|la Sagrada Família|025|034|Barcelona
02|Eixample|06|la Sagrada Família|025|035|Barcelona
02|Eixample|06|la Sagrada Família|025|036|Barcelona
02|Eixample|06|la Sagrada Família|025|037|Barcelona
02|Eixample|06|la Sagrada Família|025|038|Barcelona
02|Eixample|06|la Sagrada Família|025|039|Barcelona
02|Eixample|06|la Sagrada Família|025|040|Barcelona
02|Eixample|06|la Sagrada Família|026|041|Barcelona
02|Eixample|06|la Sagrada Família|026|042|Barcelona
02|Eixample|06|la Sagrada Família|026|043|Barcelona
02|Eixample|06|la Sagrada Família|026|044|Barcelona
02|Eixample|06|la Sagrada Família|026|045|Barcelona
02|Eixample|06|la Sagrada Família|026|046|Barcelona
02|Eixample|06|la Sagrada Família|026|047|Barcelona
02|Eixample|06|la Sagrada Família|026|048|Barcelona
02|Eixample|06|la Sagrada Família|027|049|Barcelona
02|Eixample|06|la Sagrada Família|027|050|Barcelona
02|Eixample|06|la Sagrada Família|027|051|Barcelona
02|Eixample|06|la Sagrada Família|027|052|Barcelona
02|Eixample|06|la Sagrada Família|027|053|Barcelona
02|Eixample|06|la Sagrada Família|027|054|Barcelona
02|Eixample|07|la Dreta de l'Eixample|028|055|Barcelona
02|Eixample|07|la Dreta de l'Eixample|028|056|Barcelona
02|Eixample|07|la Dreta de l'Eixample|028|057|Barcelona
02|Eixample|07|la Dreta de l'Eixample|028|058|Barcelona
02|Eixample|07|la Dreta de l'Eixample|028|059|Barcelona
02|Eixample|07|la Dreta de l'Eixample|028|060|Barcelona
02|Eixample|07|la Dreta de l'Eixample|029|061|Barcelona
02|Eixample|07|la Dreta de l'Eixample|029|062|Barcelona
02|Eixample|07|la Dreta de l'Eixample|029|063|Barcelona
02|Eixample|07|la Dreta de l'Eixample|029|064|Barcelona
02|Eixample|07|la Dreta de l'Eixample|029|065|Barcelona
02|Eixample|07|la Dreta de l'Eixample|030|066|Barcelona
02|Eixample|07|la Dreta de l'Eixample|030|067|Barcelona
02|Eixample|07|la Dreta de l'Eixample|030|068|Barcelona
02|Eixample|07|la Dreta de l'Eixample|030|069|Barcelona
02|Eixample|07|la Dreta de l'Eixample|031|070|Barcelona
02|Eixample|07|la Dreta de l'Eixample|031|071|Barcelona
02|Eixample|07|la Dreta de l'Eixample|031|072|Barcelona
02|Eixample|07|la Dreta de l'Eixample|032|073|Barcelona
02|Eixample|07|la Dreta de l'Eixample|032|074|Barcelona
02|Eixample|07|la Dreta de l'Eixample|032|075|Barcelona
02|Eixample|07|la Dreta de l'Eixample|032|076|Barcelona
02|Eixample|07|la Dreta de l'Eixample|033|077|Barcelona
02|Eixample|07|la Dreta de l'Eixample|034|078|Barcelona
02|Eixample|07|la Dreta de l'Eixample|034|079|Barcelona
02|Eixample|07|la Dreta de l'Eixample|035|080|Barcelona
02|Eixample|07|la Dreta de l'Eixample|035|081|Barcelona
02|Eixample|07|la Dreta de l'Eixample|036|082|Barcelona
02|Eixample|07|la Dreta de l'Eixample|036|083|Barcelona
02|Eixample|08|l'Antiga Esquerra de l'Eixample|037|084|Barcelona
02|Eixample|08|l'Antiga Esquerra de l'Eixample|037|085|Barcelona
02|Eixample|08|l'Antiga Esquerra de l'Eixample|037|086|Barcelona
02|Eixample|08|l'Antiga Esquerra de l'Eixample|037|087|Barcelona
02|Eixample|08|l'Antiga Esquerra de l'Eixample|038|088|Barcelona
02|Eixample|08|l'Antiga Esquerra de l'Eixample|038|089|Barcelona
02|Eixample|08|l'Antiga Esquerra de l'Eixample|038|090|Barcelona
02|Eixample|08|l'Antiga Esquerra de l'Eixample|039|091|Barcelona
02|Eixample|08|l'Antiga Esquerra de l'Eixample|039|092|Barcelona
02|Eixample|08|l'Antiga Esquerra de l'Eixample|040|093|Barcelona
02|Eixample|08|l'Antiga Esquerra de l'Eixample|040|094|Barcelona
02|Eixample|08|l'Antiga Esquerra de l'Eixample|040|095|Barcelona
02|Eixample|08|l'Antiga Esquerra de l'Eixample|040|096|Barcelona
02|Eixample|08|l'Antiga Esquerra de l'Eixample|040|097|Barcelona
02|Eixample|08|l'Antiga Esquerra de l'Eixample|041|098|Barcelona
02|Eixample|08|l'Antiga Esquerra de l'Eixample|041|099|Barcelona
02|Eixample|08|l'Antiga Esquerra de l'Eixample|041|100|Barcelona
02|Eixample|08|l'Antiga Esquerra de l'Eixample|041|101|Barcelona
02|Eixample|08|l'Antiga Esquerra de l'Eixample|042|102|Barcelona
02|Eixample|08|l'Antiga Esquerra de l'Eixample|042|103|Barcelona
02|Eixample|08|l'Antiga Esquerra de l'Eixample|042|104|Barcelona
02|Eixample|08|l'Antiga Esquerra de l'Eixample|042|105|Barcelona
02|Eixample|08|l'Antiga Esquerra de l'Eixample|043|106|Barcelona
02|Eixample|08|l'Antiga Esquerra de l'Eixample|043|107|Barcelona
02|Eixample|08|l'Antiga Esquerra de l'Eixample|043|108|Barcelona
02|Eixample|08|l'Antiga Esquerra de l'Eixample|043|109|Barcelona
02|Eixample|09|la Nova Esquerra de l'Eixample|044|110|Barcelona
02|Eixample|09|la Nova Esquerra de l'Eixample|044|111|Barcelona
02|Eixample|09|la Nova Esquerra de l'Eixample|044|112|Barcelona
02|Eixample|09|la Nova Esquerra de l'Eixample|044|113|Barcelona
02|Eixample|09|la Nova Esquerra de l'Eixample|044|114|Barcelona
02|Eixample|09|la Nova Esquerra de l'Eixample|045|115|Barcelona
02|Eixample|09|la Nova Esquerra de l'Eixample|045|116|Barcelona
02|Eixample|09|la Nova Esquerra de l'Eixample|045|117|Barcelona
02|Eixample|09|la Nova Esquerra de l'Eixample|045|118|Barcelona
02|Eixample|09|la Nova Esquerra de l'Eixample|045|119|Barcelona
02|Eixample|09|la Nova Esquerra de l'Eixample|045|120|Barcelona
02|Eixample|09|la Nova Esquerra de l'Eixample|045|121|Barcelona
02|Eixample|09|la Nova Esquerra de l'Eixample|045|122|Barcelona
02|Eixample|09|la Nova Esquerra de l'Eixample|045|123|Barcelona
02|Eixample|09|la Nova Esquerra de l'Eixample|046|124|Barcelona
02|Eixample|09|la Nova Esquerra de l'Eixample|046|125|Barcelona
02|Eixample|09|la Nova Esquerra de l'Eixample|046|126|Barcelona
02|Eixample|09|la Nova Esquerra de l'Eixample|046|127|Barcelona
02|Eixample|09|la Nova Esquerra de l'Eixample|046|128|Barcelona
02|Eixample|09|la Nova Esquerra de l'Eixample|046|129|Barcelona
02|Eixample|09|la Nova Esquerra de l'Eixample|047|130|Barcelona
02|Eixample|09|la Nova Esquerra de l'Eixample|047|131|Barcelona
02|Eixample|09|la Nova Esquerra de l'Eixample|047|132|Barcelona
02|Eixample|09|la Nova Esquerra de l'Eixample|047|133|Barcelona
02|Eixample|09|la Nova Esquerra de l'Eixample|047|134|Barcelona
02|Eixample|09|la Nova Esquerra de l'Eixample|047|135|Barcelona
02|Eixample|09|la Nova Esquerra de l'Eixample|047|136|Barcelona
02|Eixample|09|la Nova Esquerra de l'Eixample|048|137|Barcelona
02|Eixample|09|la Nova Esquerra de l'Eixample|048|138|Barcelona
02|Eixample|09|la Nova Esquerra de l'Eixample|048|139|Barcelona
02|Eixample|09|la Nova Esquerra de l'Eixample|048|140|Barcelona
02|Eixample|09|la Nova Esquerra de l'Eixample|048|141|Barcelona
02|Eixample|09|la Nova Esquerra de l'Eixample|049|142|Barcelona
02|Eixample|09|la Nova Esquerra de l'Eixample|049|143|Barcelona
02|Eixample|09|la Nova Esquerra de l'Eixample|049|144|Barcelona
02|Eixample|09|la Nova Esquerra de l'Eixample|049|145|Barcelona
02|Eixample|09|la Nova Esquerra de l'Eixample|050|146|Barcelona
02|Eixample|09|la Nova Esquerra de l'Eixample|050|147|Barcelona
02|Eixample|09|la Nova Esquerra de l'Eixample|050|148|Barcelona
02|Eixample|09|la Nova Esquerra de l'Eixample|050|149|Barcelona
02|Eixample|10|Sant Antoni|051|150|Barcelona
02|Eixample|10|Sant Antoni|051|151|Barcelona
02|Eixample|10|Sant Antoni|051|152|Barcelona
02|Eixample|10|Sant Antoni|051|153|Barcelona
02|Eixample|10|Sant Antoni|051|154|Barcelona
02|Eixample|10|Sant Antoni|051|155|Barcelona
02|Eixample|10|Sant Antoni|051|156|Barcelona
02|Eixample|10|Sant Antoni|051|157|Barcelona
02|Eixample|10|Sant Antoni|052|158|Barcelona
02|Eixample|10|Sant Antoni|052|159|Barcelona
02|Eixample|10|Sant Antoni|052|160|Barcelona
02|Eixample|10|Sant Antoni|052|161|Barcelona
02|Eixample|10|Sant Antoni|052|162|Barcelona
02|Eixample|10|Sant Antoni|053|163|Barcelona
02|Eixample|10|Sant Antoni|053|164|Barcelona
02|Eixample|10|Sant Antoni|053|165|Barcelona
02|Eixample|10|Sant Antoni|054|166|Barcelona
02|Eixample|10|Sant Antoni|054|167|Barcelona
02|Eixample|10|Sant Antoni|054|168|Barcelona
02|Eixample|10|Sant Antoni|055|169|Barcelona
02|Eixample|10|Sant Antoni|055|170|Barcelona
02|Eixample|10|Sant Antoni|055|171|Barcelona
02|Eixample|10|Sant Antoni|055|172|Barcelona
02|Eixample|10|Sant Antoni|055|173|Barcelona
03|Sants-Montjuïc|11|el Poble-sec|056|001|Barcelona
03|Sants-Montjuïc|11|el Poble-sec|056|002|Barcelona
03|Sants-Montjuïc|11|el Poble-sec|056|003|Barcelona
03|Sants-Montjuïc|11|el Poble-sec|056|004|Barcelona
03|Sants-Montjuïc|11|el Poble-sec|056|005|Barcelona
03|Sants-Montjuïc|11|el Poble-sec|056|006|Barcelona
03|Sants-Montjuïc|11|el Poble-sec|056|007|Barcelona
03|Sants-Montjuïc|11|el Poble-sec|056|008|Barcelona
03|Sants-Montjuïc|11|el Poble-sec|056|009|Barcelona
03|Sants-Montjuïc|11|el Poble-sec|057|010|Barcelona
03|Sants-Montjuïc|11|el Poble-sec|057|011|Barcelona
03|Sants-Montjuïc|11|el Poble-sec|057|012|Barcelona
03|Sants-Montjuïc|11|el Poble-sec|057|013|Barcelona
03|Sants-Montjuïc|11|el Poble-sec|057|014|Barcelona
03|Sants-Montjuïc|11|el Poble-sec|057|015|Barcelona
03|Sants-Montjuïc|11|el Poble-sec|057|016|Barcelona
03|Sants-Montjuïc|11|el Poble-sec|057|017|Barcelona
03|Sants-Montjuïc|11|el Poble-sec|058|018|Barcelona
03|Sants-Montjuïc|11|el Poble-sec|058|019|Barcelona
03|Sants-Montjuïc|11|el Poble-sec|058|020|Barcelona
03|Sants-Montjuïc|11|el Poble-sec|058|021|Barcelona
03|Sants-Montjuïc|11|el Poble-sec|058|022|Barcelona
03|Sants-Montjuïc|11|el Poble-sec|059|023|Barcelona
03|Sants-Montjuïc|11|el Poble-sec|059|024|Barcelona
03|Sants-Montjuïc|12|la Marina del Prat Vermell|060|025|Barcelona
03|Sants-Montjuïc|13|la Marina de Port|061|026|Barcelona
03|Sants-Montjuïc|13|la Marina de Port|061|027|Barcelona
03|Sants-Montjuïc|13|la Marina de Port|061|028|Barcelona
03|Sants-Montjuïc|13|la Marina de Port|061|029|Barcelona
03|Sants-Montjuïc|13|la Marina de Port|061|030|Barcelona
03|Sants-Montjuïc|13|la Marina de Port|062|031|Barcelona
03|Sants-Montjuïc|13|la Marina de Port|062|032|Barcelona
03|Sants-Montjuïc|13|la Marina de Port|062|033|Barcelona
03|Sants-Montjuïc|13|la Marina de Port|062|034|Barcelona
03|Sants-Montjuïc|13|la Marina de Port|063|035|Barcelona
03|Sants-Montjuïc|13|la Marina de Port|063|036|Barcelona
03|Sants-Montjuïc|13|la Marina de Port|063|037|Barcelona
03|Sants-Montjuïc|13|la Marina de Port|064|038|Barcelona
03|Sants-Montjuïc|13|la Marina de Port|064|039|Barcelona
03|Sants-Montjuïc|14|la Font de la Guatlla|065|040|Barcelona
03|Sants-Montjuïc|14|la Font de la Guatlla|065|041|Barcelona
03|Sants-Montjuïc|14|la Font de la Guatlla|065|042|Barcelona
03|Sants-Montjuïc|14|la Font de la Guatlla|065|043|Barcelona
03|Sants-Montjuïc|14|la Font de la Guatlla|065|044|Barcelona
03|Sants-Montjuïc|14|la Font de la Guatlla|065|045|Barcelona
03|Sants-Montjuïc|14|la Font de la Guatlla|065|046|Barcelona
03|Sants-Montjuïc|15|Hostafrancs|066|047|Barcelona
03|Sants-Montjuïc|15|Hostafrancs|066|048|Barcelona
03|Sants-Montjuïc|15|Hostafrancs|066|049|Barcelona
03|Sants-Montjuïc|15|Hostafrancs|066|050|Barcelona
03|Sants-Montjuïc|15|Hostafrancs|067|051|Barcelona
03|Sants-Montjuïc|15|Hostafrancs|067|052|Barcelona
03|Sants-Montjuïc|15|Hostafrancs|067|053|Barcelona
03|Sants-Montjuïc|15|Hostafrancs|067|054|Barcelona
03|Sants-Montjuïc|15|Hostafrancs|067|055|Barcelona
03|Sants-Montjuïc|15|Hostafrancs|067|056|Barcelona
03|Sants-Montjuïc|16|la Bordeta|068|057|Barcelona
03|Sants-Montjuïc|16|la Bordeta|068|058|Barcelona
03|Sants-Montjuïc|16|la Bordeta|068|059|Barcelona
03|Sants-Montjuïc|16|la Bordeta|068|060|Barcelona
03|Sants-Montjuïc|16|la Bordeta|068|061|Barcelona
03|Sants-Montjuïc|16|la Bordeta|069|062|Barcelona
03|Sants-Montjuïc|16|la Bordeta|069|063|Barcelona
03|Sants-Montjuïc|16|la Bordeta|069|064|Barcelona
03|Sants-Montjuïc|16|la Bordeta|069|065|Barcelona
03|Sants-Montjuïc|16|la Bordeta|069|066|Barcelona
03|Sants-Montjuïc|16|la Bordeta|069|067|Barcelona
03|Sants-Montjuïc|16|la Bordeta|069|068|Barcelona
03|Sants-Montjuïc|16|la Bordeta|069|069|Barcelona
03|Sants-Montjuïc|17|Sants - Badal|070|070|Barcelona
03|Sants-Montjuïc|17|Sants - Badal|070|071|Barcelona
03|Sants-Montjuïc|17|Sants - Badal|070|072|Barcelona
03|Sants-Montjuïc|17|Sants - Badal|070|073|Barcelona
03|Sants-Montjuïc|17|Sants - Badal|070|074|Barcelona
03|Sants-Montjuïc|17|Sants - Badal|070|075|Barcelona
03|Sants-Montjuïc|17|Sants - Badal|070|076|Barcelona
03|Sants-Montjuïc|17|Sants - Badal|070|077|Barcelona
03|Sants-Montjuïc|17|Sants - Badal|070|078|Barcelona
03|Sants-Montjuïc|17|Sants - Badal|070|079|Barcelona
03|Sants-Montjuïc|17|Sants - Badal|070|080|Barcelona
03|Sants-Montjuïc|17|Sants - Badal|071|081|Barcelona
03|Sants-Montjuïc|17|Sants - Badal|071|082|Barcelona
03|Sants-Montjuïc|17|Sants - Badal|071|083|Barcelona
03|Sants-Montjuïc|17|Sants - Badal|071|084|Barcelona
03|Sants-Montjuïc|17|Sants - Badal|071|085|Barcelona
03|Sants-Montjuïc|18|Sants|072|086|Barcelona
03|Sants-Montjuïc|18|Sants|072|087|Barcelona
03|Sants-Montjuïc|18|Sants|072|088|Barcelona
03|Sants-Montjuïc|18|Sants|072|089|Barcelona
03|Sants-Montjuïc|18|Sants|072|090|Barcelona
03|Sants-Montjuïc|18|Sants|072|091|Barcelona
03|Sants-Montjuïc|18|Sants|072|092|Barcelona
03|Sants-Montjuïc|18|Sants|072|093|Barcelona
03|Sants-Montjuïc|18|Sants|072|094|Barcelona
03|Sants-Montjuïc|18|Sants|073|095|Barcelona
03|Sants-Montjuïc|18|Sants|073|096|Barcelona
03|Sants-Montjuïc|18|Sants|073|097|Barcelona
03|Sants-Montjuïc|18|Sants|073|098|Barcelona
03|Sants-Montjuïc|18|Sants|073|099|Barcelona
03|Sants-Montjuïc|18|Sants|073|100|Barcelona
03|Sants-Montjuïc|18|Sants|074|101|Barcelona
03|Sants-Montjuïc|18|Sants|074|102|Barcelona
03|Sants-Montjuïc|18|Sants|074|103|Barcelona
03|Sants-Montjuïc|18|Sants|074|104|Barcelona
03|Sants-Montjuïc|18|Sants|075|105|Barcelona
03|Sants-Montjuïc|18|Sants|075|106|Barcelona
03|Sants-Montjuïc|18|Sants|076|107|Barcelona
03|Sants-Montjuïc|18|Sants|076|108|Barcelona
03|Sants-Montjuïc|18|Sants|076|109|Barcelona
03|Sants-Montjuïc|18|Sants|076|110|Barcelona
03|Sants-Montjuïc|18|Sants|076|111|Barcelona
03|Sants-Montjuïc|18|Sants|076|112|Barcelona
03|Sants-Montjuïc|18|Sants|076|113|Barcelona
03|Sants-Montjuïc|18|Sants|076|114|Barcelona
03|Sants-Montjuïc|13|la Marina de Port|062|211|Barcelona
03|Sants-Montjuïc|13|la Marina de Port|063|212|Barcelona
03|Sants-Montjuïc|13|la Marina de Port|063|213|Barcelona
04|Les Corts|19|les Corts|077|001|Barcelona
04|Les Corts|19|les Corts|077|002|Barcelona
04|Les Corts|19|les Corts|077|003|Barcelona
04|Les Corts|19|les Corts|077|004|Barcelona
04|Les Corts|19|les Corts|077|005|Barcelona
04|Les Corts|19|les Corts|077|006|Barcelona
04|Les Corts|19|les Corts|077|007|Barcelona
04|Les Corts|19|les Corts|077|008|Barcelona
04|Les Corts|19|les Corts|077|009|Barcelona
04|Les Corts|19|les Corts|078|010|Barcelona
04|Les Corts|19|les Corts|078|011|Barcelona
04|Les Corts|19|les Corts|078|012|Barcelona
04|Les Corts|19|les Corts|078|013|Barcelona
04|Les Corts|19|les Corts|078|014|Barcelona
04|Les Corts|19|les Corts|078|015|Barcelona
04|Les Corts|19|les Corts|078|016|Barcelona
04|Les Corts|19|les Corts|079|017|Barcelona
04|Les Corts|19|les Corts|079|018|Barcelona
04|Les Corts|19|les Corts|079|019|Barcelona
04|Les Corts|19|les Corts|079|020|Barcelona
04|Les Corts|19|les Corts|079|021|Barcelona
04|Les Corts|19|les Corts|080|022|Barcelona
04|Les Corts|19|les Corts|081|023|Barcelona
04|Les Corts|19|les Corts|081|024|Barcelona
04|Les Corts|19|les Corts|082|025|Barcelona
04|Les Corts|19|les Corts|082|026|Barcelona
04|Les Corts|19|les Corts|082|027|Barcelona
04|Les Corts|19|les Corts|083|028|Barcelona
04|Les Corts|19|les Corts|083|029|Barcelona
04|Les Corts|19|les Corts|083|030|Barcelona
04|Les Corts|19|les Corts|084|031|Barcelona
04|Les Corts|19|les Corts|084|032|Barcelona
04|Les Corts|19|les Corts|084|033|Barcelona
04|Les Corts|19|les Corts|084|034|Barcelona
04|Les Corts|19|les Corts|084|035|Barcelona
04|Les Corts|20|la Maternitat i Sant Ramon|085|036|Barcelona
04|Les Corts|20|la Maternitat i Sant Ramon|085|037|Barcelona
04|Les Corts|20|la Maternitat i Sant Ramon|085|038|Barcelona
04|Les Corts|20|la Maternitat i Sant Ramon|085|039|Barcelona
04|Les Corts|20|la Maternitat i Sant Ramon|085|040|Barcelona
04|Les Corts|20|la Maternitat i Sant Ramon|085|041|Barcelona
04|Les Corts|20|la Maternitat i Sant Ramon|085|042|Barcelona
04|Les Corts|20|la Maternitat i Sant Ramon|086|043|Barcelona
04|Les Corts|20|la Maternitat i Sant Ramon|086|044|Barcelona
04|Les Corts|20|la Maternitat i Sant Ramon|086|045|Barcelona
04|Les Corts|20|la Maternitat i Sant Ramon|086|046|Barcelona
04|Les Corts|20|la Maternitat i Sant Ramon|086|047|Barcelona
04|Les Corts|20|la Maternitat i Sant Ramon|087|048|Barcelona
04|Les Corts|20|la Maternitat i Sant Ramon|087|049|Barcelona
04|Les Corts|21|Pedralbes|088|050|Barcelona
04|Les Corts|21|Pedralbes|088|051|Barcelona
04|Les Corts|21|Pedralbes|088|052|Barcelona
04|Les Corts|21|Pedralbes|089|053|Barcelona
04|Les Corts|21|Pedralbes|089|054|Barcelona
04|Les Corts|21|Pedralbes|090|055|Barcelona
04|Les Corts|21|Pedralbes|090|056|Barcelona
04|Les Corts|20|la Maternitat i Sant Ramon|087|084|Barcelona
05|Sarrià-Sant Gervasi|22|"Vallvidrera| el Tibidabo i les Planes"|091|001|Barcelona
05|Sarrià-Sant Gervasi|22|"Vallvidrera| el Tibidabo i les Planes"|092|002|Barcelona
05|Sarrià-Sant Gervasi|22|"Vallvidrera| el Tibidabo i les Planes"|092|003|Barcelona
05|Sarrià-Sant Gervasi|23|Sarrià|093|004|Barcelona
05|Sarrià-Sant Gervasi|23|Sarrià|093|005|Barcelona
05|Sarrià-Sant Gervasi|23|Sarrià|094|006|Barcelona
05|Sarrià-Sant Gervasi|23|Sarrià|095|007|Barcelona
05|Sarrià-Sant Gervasi|23|Sarrià|095|008|Barcelona
05|Sarrià-Sant Gervasi|23|Sarrià|095|009|Barcelona
05|Sarrià-Sant Gervasi|23|Sarrià|095|010|Barcelona
05|Sarrià-Sant Gervasi|23|Sarrià|095|011|Barcelona
05|Sarrià-Sant Gervasi|23|Sarrià|095|012|Barcelona
05|Sarrià-Sant Gervasi|23|Sarrià|095|013|Barcelona
05|Sarrià-Sant Gervasi|23|Sarrià|096|014|Barcelona
05|Sarrià-Sant Gervasi|23|Sarrià|096|015|Barcelona
05|Sarrià-Sant Gervasi|23|Sarrià|096|016|Barcelona
05|Sarrià-Sant Gervasi|23|Sarrià|096|017|Barcelona
05|Sarrià-Sant Gervasi|23|Sarrià|096|018|Barcelona
05|Sarrià-Sant Gervasi|23|Sarrià|096|019|Barcelona
05|Sarrià-Sant Gervasi|24|les Tres Torres|097|020|Barcelona
05|Sarrià-Sant Gervasi|24|les Tres Torres|097|021|Barcelona
05|Sarrià-Sant Gervasi|24|les Tres Torres|098|022|Barcelona
05|Sarrià-Sant Gervasi|24|les Tres Torres|098|023|Barcelona
05|Sarrià-Sant Gervasi|24|les Tres Torres|098|024|Barcelona
05|Sarrià-Sant Gervasi|24|les Tres Torres|099|025|Barcelona
05|Sarrià-Sant Gervasi|24|les Tres Torres|099|026|Barcelona
05|Sarrià-Sant Gervasi|24|les Tres Torres|099|027|Barcelona
05|Sarrià-Sant Gervasi|24|les Tres Torres|099|028|Barcelona
05|Sarrià-Sant Gervasi|24|les Tres Torres|099|029|Barcelona
05|Sarrià-Sant Gervasi|24|les Tres Torres|099|030|Barcelona
05|Sarrià-Sant Gervasi|25|Sant Gervasi - la Bonanova|100|031|Barcelona
05|Sarrià-Sant Gervasi|25|Sant Gervasi - la Bonanova|100|032|Barcelona
05|Sarrià-Sant Gervasi|25|Sant Gervasi - la Bonanova|101|033|Barcelona
05|Sarrià-Sant Gervasi|25|Sant Gervasi - la Bonanova|101|034|Barcelona
05|Sarrià-Sant Gervasi|25|Sant Gervasi - la Bonanova|102|035|Barcelona
05|Sarrià-Sant Gervasi|25|Sant Gervasi - la Bonanova|102|036|Barcelona
05|Sarrià-Sant Gervasi|25|Sant Gervasi - la Bonanova|102|037|Barcelona
05|Sarrià-Sant Gervasi|25|Sant Gervasi - la Bonanova|102|038|Barcelona
05|Sarrià-Sant Gervasi|25|Sant Gervasi - la Bonanova|102|039|Barcelona
05|Sarrià-Sant Gervasi|25|Sant Gervasi - la Bonanova|102|040|Barcelona
05|Sarrià-Sant Gervasi|25|Sant Gervasi - la Bonanova|102|041|Barcelona
05|Sarrià-Sant Gervasi|25|Sant Gervasi - la Bonanova|103|042|Barcelona
05|Sarrià-Sant Gervasi|25|Sant Gervasi - la Bonanova|103|043|Barcelona
05|Sarrià-Sant Gervasi|25|Sant Gervasi - la Bonanova|103|044|Barcelona
05|Sarrià-Sant Gervasi|25|Sant Gervasi - la Bonanova|103|045|Barcelona
05|Sarrià-Sant Gervasi|25|Sant Gervasi - la Bonanova|103|046|Barcelona
05|Sarrià-Sant Gervasi|25|Sant Gervasi - la Bonanova|103|047|Barcelona
05|Sarrià-Sant Gervasi|25|Sant Gervasi - la Bonanova|103|048|Barcelona
05|Sarrià-Sant Gervasi|26|Sant Gervasi - Galvany|104|049|Barcelona
05|Sarrià-Sant Gervasi|26|Sant Gervasi - Galvany|104|050|Barcelona
05|Sarrià-Sant Gervasi|26|Sant Gervasi - Galvany|104|051|Barcelona
05|Sarrià-Sant Gervasi|26|Sant Gervasi - Galvany|104|052|Barcelona
05|Sarrià-Sant Gervasi|26|Sant Gervasi - Galvany|105|053|Barcelona
05|Sarrià-Sant Gervasi|26|Sant Gervasi - Galvany|105|054|Barcelona
05|Sarrià-Sant Gervasi|26|Sant Gervasi - Galvany|105|055|Barcelona
05|Sarrià-Sant Gervasi|26|Sant Gervasi - Galvany|106|056|Barcelona
05|Sarrià-Sant Gervasi|26|Sant Gervasi - Galvany|106|057|Barcelona
05|Sarrià-Sant Gervasi|26|Sant Gervasi - Galvany|106|058|Barcelona
05|Sarrià-Sant Gervasi|26|Sant Gervasi - Galvany|106|059|Barcelona
05|Sarrià-Sant Gervasi|26|Sant Gervasi - Galvany|106|060|Barcelona
05|Sarrià-Sant Gervasi|26|Sant Gervasi - Galvany|107|061|Barcelona
05|Sarrià-Sant Gervasi|26|Sant Gervasi - Galvany|107|062|Barcelona
05|Sarrià-Sant Gervasi|26|Sant Gervasi - Galvany|107|063|Barcelona
05|Sarrià-Sant Gervasi|26|Sant Gervasi - Galvany|107|064|Barcelona
05|Sarrià-Sant Gervasi|26|Sant Gervasi - Galvany|107|065|Barcelona
05|Sarrià-Sant Gervasi|26|Sant Gervasi - Galvany|108|066|Barcelona
05|Sarrià-Sant Gervasi|26|Sant Gervasi - Galvany|108|067|Barcelona
05|Sarrià-Sant Gervasi|26|Sant Gervasi - Galvany|108|068|Barcelona
05|Sarrià-Sant Gervasi|26|Sant Gervasi - Galvany|108|069|Barcelona
05|Sarrià-Sant Gervasi|26|Sant Gervasi - Galvany|109|070|Barcelona
05|Sarrià-Sant Gervasi|26|Sant Gervasi - Galvany|109|071|Barcelona
05|Sarrià-Sant Gervasi|26|Sant Gervasi - Galvany|109|072|Barcelona
05|Sarrià-Sant Gervasi|26|Sant Gervasi - Galvany|109|073|Barcelona
05|Sarrià-Sant Gervasi|26|Sant Gervasi - Galvany|109|074|Barcelona
05|Sarrià-Sant Gervasi|26|Sant Gervasi - Galvany|110|075|Barcelona
05|Sarrià-Sant Gervasi|26|Sant Gervasi - Galvany|110|076|Barcelona
05|Sarrià-Sant Gervasi|26|Sant Gervasi - Galvany|110|077|Barcelona
05|Sarrià-Sant Gervasi|26|Sant Gervasi - Galvany|110|078|Barcelona
05|Sarrià-Sant Gervasi|26|Sant Gervasi - Galvany|110|079|Barcelona
05|Sarrià-Sant Gervasi|27|el Putxet i el Farró|111|080|Barcelona
05|Sarrià-Sant Gervasi|27|el Putxet i el Farró|111|081|Barcelona
05|Sarrià-Sant Gervasi|27|el Putxet i el Farró|111|082|Barcelona
05|Sarrià-Sant Gervasi|27|el Putxet i el Farró|111|083|Barcelona
05|Sarrià-Sant Gervasi|27|el Putxet i el Farró|111|084|Barcelona
05|Sarrià-Sant Gervasi|27|el Putxet i el Farró|111|085|Barcelona
05|Sarrià-Sant Gervasi|27|el Putxet i el Farró|111|086|Barcelona
05|Sarrià-Sant Gervasi|27|el Putxet i el Farró|111|087|Barcelona
05|Sarrià-Sant Gervasi|27|el Putxet i el Farró|112|088|Barcelona
05|Sarrià-Sant Gervasi|27|el Putxet i el Farró|112|089|Barcelona
05|Sarrià-Sant Gervasi|27|el Putxet i el Farró|112|090|Barcelona
05|Sarrià-Sant Gervasi|27|el Putxet i el Farró|112|091|Barcelona
05|Sarrià-Sant Gervasi|27|el Putxet i el Farró|112|092|Barcelona
05|Sarrià-Sant Gervasi|27|el Putxet i el Farró|113|093|Barcelona
05|Sarrià-Sant Gervasi|27|el Putxet i el Farró|113|094|Barcelona
05|Sarrià-Sant Gervasi|27|el Putxet i el Farró|113|095|Barcelona
05|Sarrià-Sant Gervasi|27|el Putxet i el Farró|113|096|Barcelona
05|Sarrià-Sant Gervasi|27|el Putxet i el Farró|113|097|Barcelona
05|Sarrià-Sant Gervasi|27|el Putxet i el Farró|113|098|Barcelona
06|Gràcia|28|Vallcarca i els Penitents|114|001|Barcelona
06|Gràcia|28|Vallcarca i els Penitents|114|002|Barcelona
06|Gràcia|28|Vallcarca i els Penitents|114|003|Barcelona
06|Gràcia|28|Vallcarca i els Penitents|114|004|Barcelona
06|Gràcia|28|Vallcarca i els Penitents|115|006|Barcelona
06|Gràcia|28|Vallcarca i els Penitents|115|007|Barcelona
06|Gràcia|28|Vallcarca i els Penitents|115|008|Barcelona
06|Gràcia|28|Vallcarca i els Penitents|116|009|Barcelona
06|Gràcia|28|Vallcarca i els Penitents|116|010|Barcelona
06|Gràcia|28|Vallcarca i els Penitents|117|011|Barcelona
06|Gràcia|28|Vallcarca i els Penitents|117|012|Barcelona
06|Gràcia|29|el Coll|118|013|Barcelona
06|Gràcia|29|el Coll|118|014|Barcelona
06|Gràcia|29|el Coll|118|015|Barcelona
06|Gràcia|29|el Coll|118|016|Barcelona
06|Gràcia|29|el Coll|118|017|Barcelona
06|Gràcia|30|la Salut|119|018|Barcelona
06|Gràcia|30|la Salut|119|019|Barcelona
06|Gràcia|30|la Salut|119|020|Barcelona
06|Gràcia|30|la Salut|119|021|Barcelona
06|Gràcia|30|la Salut|120|022|Barcelona
06|Gràcia|30|la Salut|120|023|Barcelona
06|Gràcia|30|la Salut|120|024|Barcelona
06|Gràcia|30|la Salut|120|025|Barcelona
06|Gràcia|30|la Salut|120|026|Barcelona
06|Gràcia|30|la Salut|120|027|Barcelona
06|Gràcia|31|la Vila de Gràcia|121|028|Barcelona
06|Gràcia|31|la Vila de Gràcia|121|029|Barcelona
06|Gràcia|31|la Vila de Gràcia|121|030|Barcelona
06|Gràcia|31|la Vila de Gràcia|121|031|Barcelona
06|Gràcia|31|la Vila de Gràcia|121|032|Barcelona
06|Gràcia|31|la Vila de Gràcia|122|033|Barcelona
06|Gràcia|31|la Vila de Gràcia|122|034|Barcelona
06|Gràcia|31|la Vila de Gràcia|122|035|Barcelona
06|Gràcia|31|la Vila de Gràcia|122|036|Barcelona
06|Gràcia|31|la Vila de Gràcia|123|037|Barcelona
06|Gràcia|31|la Vila de Gràcia|123|038|Barcelona
06|Gràcia|31|la Vila de Gràcia|123|039|Barcelona
06|Gràcia|31|la Vila de Gràcia|124|040|Barcelona
06|Gràcia|31|la Vila de Gràcia|124|041|Barcelona
06|Gràcia|31|la Vila de Gràcia|124|042|Barcelona
06|Gràcia|31|la Vila de Gràcia|125|043|Barcelona
06|Gràcia|31|la Vila de Gràcia|125|044|Barcelona
06|Gràcia|31|la Vila de Gràcia|126|045|Barcelona
06|Gràcia|31|la Vila de Gràcia|126|046|Barcelona
06|Gràcia|31|la Vila de Gràcia|126|047|Barcelona
06|Gràcia|31|la Vila de Gràcia|126|048|Barcelona
06|Gràcia|31|la Vila de Gràcia|127|049|Barcelona
06|Gràcia|31|la Vila de Gràcia|127|050|Barcelona
06|Gràcia|31|la Vila de Gràcia|127|051|Barcelona
06|Gràcia|31|la Vila de Gràcia|128|052|Barcelona
06|Gràcia|31|la Vila de Gràcia|128|053|Barcelona
06|Gràcia|31|la Vila de Gràcia|128|054|Barcelona
06|Gràcia|31|la Vila de Gràcia|129|055|Barcelona
06|Gràcia|31|la Vila de Gràcia|129|056|Barcelona
06|Gràcia|31|la Vila de Gràcia|129|057|Barcelona
06|Gràcia|31|la Vila de Gràcia|129|058|Barcelona
06|Gràcia|31|la Vila de Gràcia|129|059|Barcelona
06|Gràcia|31|la Vila de Gràcia|130|060|Barcelona
06|Gràcia|31|la Vila de Gràcia|130|061|Barcelona
06|Gràcia|31|la Vila de Gràcia|130|062|Barcelona
06|Gràcia|31|la Vila de Gràcia|130|063|Barcelona
06|Gràcia|32|el Camp d'en Grassot i Gràcia Nova|131|064|Barcelona
06|Gràcia|32|el Camp d'en Grassot i Gràcia Nova|131|065|Barcelona
06|Gràcia|32|el Camp d'en Grassot i Gràcia Nova|131|066|Barcelona
06|Gràcia|32|el Camp d'en Grassot i Gràcia Nova|131|067|Barcelona
06|Gràcia|32|el Camp d'en Grassot i Gràcia Nova|131|068|Barcelona
06|Gràcia|32|el Camp d'en Grassot i Gràcia Nova|131|069|Barcelona
06|Gràcia|32|el Camp d'en Grassot i Gràcia Nova|131|070|Barcelona
06|Gràcia|32|el Camp d'en Grassot i Gràcia Nova|132|071|Barcelona
06|Gràcia|32|el Camp d'en Grassot i Gràcia Nova|132|072|Barcelona
06|Gràcia|32|el Camp d'en Grassot i Gràcia Nova|132|073|Barcelona
06|Gràcia|32|el Camp d'en Grassot i Gràcia Nova|132|074|Barcelona
06|Gràcia|32|el Camp d'en Grassot i Gràcia Nova|132|075|Barcelona
06|Gràcia|32|el Camp d'en Grassot i Gràcia Nova|132|076|Barcelona
06|Gràcia|32|el Camp d'en Grassot i Gràcia Nova|133|077|Barcelona
06|Gràcia|32|el Camp d'en Grassot i Gràcia Nova|133|078|Barcelona
06|Gràcia|32|el Camp d'en Grassot i Gràcia Nova|133|079|Barcelona
06|Gràcia|32|el Camp d'en Grassot i Gràcia Nova|133|080|Barcelona
06|Gràcia|32|el Camp d'en Grassot i Gràcia Nova|133|081|Barcelona
06|Gràcia|32|el Camp d'en Grassot i Gràcia Nova|134|082|Barcelona
06|Gràcia|32|el Camp d'en Grassot i Gràcia Nova|134|083|Barcelona
06|Gràcia|32|el Camp d'en Grassot i Gràcia Nova|134|084|Barcelona
06|Gràcia|32|el Camp d'en Grassot i Gràcia Nova|134|085|Barcelona
06|Gràcia|32|el Camp d'en Grassot i Gràcia Nova|134|086|Barcelona
06|Gràcia|32|el Camp d'en Grassot i Gràcia Nova|134|087|Barcelona
06|Gràcia|32|el Camp d'en Grassot i Gràcia Nova|134|088|Barcelona
07|Horta-Guinardó|33|el Baix Guinardó|135|001|Barcelona
07|Horta-Guinardó|33|el Baix Guinardó|135|002|Barcelona
07|Horta-Guinardó|33|el Baix Guinardó|135|003|Barcelona
07|Horta-Guinardó|33|el Baix Guinardó|135|004|Barcelona
07|Horta-Guinardó|33|el Baix Guinardó|135|005|Barcelona
07|Horta-Guinardó|33|el Baix Guinardó|135|006|Barcelona
07|Horta-Guinardó|33|el Baix Guinardó|135|007|Barcelona
07|Horta-Guinardó|33|el Baix Guinardó|135|008|Barcelona
07|Horta-Guinardó|33|el Baix Guinardó|136|009|Barcelona
07|Horta-Guinardó|33|el Baix Guinardó|136|010|Barcelona
07|Horta-Guinardó|33|el Baix Guinardó|136|011|Barcelona
07|Horta-Guinardó|33|el Baix Guinardó|136|012|Barcelona
07|Horta-Guinardó|33|el Baix Guinardó|136|013|Barcelona
07|Horta-Guinardó|33|el Baix Guinardó|137|014|Barcelona
07|Horta-Guinardó|33|el Baix Guinardó|137|015|Barcelona
07|Horta-Guinardó|33|el Baix Guinardó|137|016|Barcelona
07|Horta-Guinardó|33|el Baix Guinardó|137|017|Barcelona
07|Horta-Guinardó|33|el Baix Guinardó|137|018|Barcelona
07|Horta-Guinardó|33|el Baix Guinardó|137|019|Barcelona
07|Horta-Guinardó|34|Can Baró|138|020|Barcelona
07|Horta-Guinardó|34|Can Baró|138|021|Barcelona
07|Horta-Guinardó|34|Can Baró|138|022|Barcelona
07|Horta-Guinardó|34|Can Baró|138|023|Barcelona
07|Horta-Guinardó|34|Can Baró|138|024|Barcelona
07|Horta-Guinardó|34|Can Baró|138|025|Barcelona
07|Horta-Guinardó|34|Can Baró|138|026|Barcelona
07|Horta-Guinardó|35|el Guinardó|139|027|Barcelona
07|Horta-Guinardó|35|el Guinardó|139|028|Barcelona
07|Horta-Guinardó|35|el Guinardó|139|029|Barcelona
07|Horta-Guinardó|35|el Guinardó|139|030|Barcelona
07|Horta-Guinardó|35|el Guinardó|140|031|Barcelona
07|Horta-Guinardó|35|el Guinardó|140|032|Barcelona
07|Horta-Guinardó|35|el Guinardó|140|033|Barcelona
07|Horta-Guinardó|35|el Guinardó|140|034|Barcelona
07|Horta-Guinardó|35|el Guinardó|140|035|Barcelona
07|Horta-Guinardó|35|el Guinardó|140|036|Barcelona
07|Horta-Guinardó|35|el Guinardó|140|037|Barcelona
07|Horta-Guinardó|35|el Guinardó|140|038|Barcelona
07|Horta-Guinardó|35|el Guinardó|141|039|Barcelona
07|Horta-Guinardó|35|el Guinardó|141|040|Barcelona
07|Horta-Guinardó|35|el Guinardó|141|041|Barcelona
07|Horta-Guinardó|35|el Guinardó|142|042|Barcelona
07|Horta-Guinardó|35|el Guinardó|142|043|Barcelona
07|Horta-Guinardó|35|el Guinardó|142|044|Barcelona
07|Horta-Guinardó|35|el Guinardó|142|045|Barcelona
07|Horta-Guinardó|35|el Guinardó|142|046|Barcelona
07|Horta-Guinardó|35|el Guinardó|143|047|Barcelona
07|Horta-Guinardó|35|el Guinardó|143|048|Barcelona
07|Horta-Guinardó|35|el Guinardó|143|049|Barcelona
07|Horta-Guinardó|35|el Guinardó|143|050|Barcelona
07|Horta-Guinardó|35|el Guinardó|143|051|Barcelona
07|Horta-Guinardó|36|la Font d'en Fargues|144|052|Barcelona
07|Horta-Guinardó|36|la Font d'en Fargues|144|053|Barcelona
07|Horta-Guinardó|36|la Font d'en Fargues|144|054|Barcelona
07|Horta-Guinardó|36|la Font d'en Fargues|145|055|Barcelona
07|Horta-Guinardó|36|la Font d'en Fargues|145|056|Barcelona
07|Horta-Guinardó|36|la Font d'en Fargues|145|057|Barcelona
07|Horta-Guinardó|36|la Font d'en Fargues|145|058|Barcelona
07|Horta-Guinardó|37|el Carmel|146|059|Barcelona
07|Horta-Guinardó|37|el Carmel|146|060|Barcelona
07|Horta-Guinardó|37|el Carmel|147|061|Barcelona
07|Horta-Guinardó|37|el Carmel|147|062|Barcelona
07|Horta-Guinardó|37|el Carmel|147|063|Barcelona
07|Horta-Guinardó|37|el Carmel|147|064|Barcelona
07|Horta-Guinardó|37|el Carmel|147|065|Barcelona
07|Horta-Guinardó|37|el Carmel|147|066|Barcelona
07|Horta-Guinardó|37|el Carmel|147|067|Barcelona
07|Horta-Guinardó|37|el Carmel|147|068|Barcelona
07|Horta-Guinardó|37|el Carmel|147|069|Barcelona
07|Horta-Guinardó|37|el Carmel|147|070|Barcelona
07|Horta-Guinardó|37|el Carmel|148|071|Barcelona
07|Horta-Guinardó|37|el Carmel|148|072|Barcelona
07|Horta-Guinardó|37|el Carmel|148|073|Barcelona
07|Horta-Guinardó|37|el Carmel|148|074|Barcelona
07|Horta-Guinardó|37|el Carmel|148|075|Barcelona
07|Horta-Guinardó|37|el Carmel|148|076|Barcelona
07|Horta-Guinardó|37|el Carmel|148|077|Barcelona
07|Horta-Guinardó|37|el Carmel|148|078|Barcelona
07|Horta-Guinardó|37|el Carmel|148|079|Barcelona
07|Horta-Guinardó|37|el Carmel|148|080|Barcelona
07|Horta-Guinardó|38|la Teixonera|149|081|Barcelona
07|Horta-Guinardó|38|la Teixonera|149|082|Barcelona
07|Horta-Guinardó|38|la Teixonera|149|083|Barcelona
07|Horta-Guinardó|38|la Teixonera|149|084|Barcelona
07|Horta-Guinardó|38|la Teixonera|149|085|Barcelona
07|Horta-Guinardó|38|la Teixonera|149|086|Barcelona
07|Horta-Guinardó|38|la Teixonera|149|087|Barcelona
07|Horta-Guinardó|38|la Teixonera|149|088|Barcelona
07|Horta-Guinardó|39|Sant Genís dels Agudells|150|089|Barcelona
07|Horta-Guinardó|39|Sant Genís dels Agudells|150|090|Barcelona
07|Horta-Guinardó|39|Sant Genís dels Agudells|150|091|Barcelona
07|Horta-Guinardó|39|Sant Genís dels Agudells|150|092|Barcelona
07|Horta-Guinardó|39|Sant Genís dels Agudells|150|093|Barcelona
07|Horta-Guinardó|40|Montbau|151|094|Barcelona
07|Horta-Guinardó|40|Montbau|151|095|Barcelona
07|Horta-Guinardó|40|Montbau|151|096|Barcelona
07|Horta-Guinardó|40|Montbau|151|097|Barcelona
07|Horta-Guinardó|41|la Vall d'Hebron|152|098|Barcelona
07|Horta-Guinardó|41|la Vall d'Hebron|152|099|Barcelona
07|Horta-Guinardó|41|la Vall d'Hebron|152|100|Barcelona
07|Horta-Guinardó|41|la Vall d'Hebron|152|101|Barcelona
07|Horta-Guinardó|42|la Clota|153|102|Barcelona
07|Horta-Guinardó|43|Horta|154|103|Barcelona
07|Horta-Guinardó|43|Horta|154|104|Barcelona
07|Horta-Guinardó|43|Horta|154|105|Barcelona
07|Horta-Guinardó|43|Horta|154|106|Barcelona
07|Horta-Guinardó|43|Horta|154|107|Barcelona
07|Horta-Guinardó|43|Horta|154|108|Barcelona
07|Horta-Guinardó|43|Horta|154|109|Barcelona
07|Horta-Guinardó|43|Horta|154|110|Barcelona
07|Horta-Guinardó|43|Horta|154|111|Barcelona
07|Horta-Guinardó|43|Horta|155|112|Barcelona
07|Horta-Guinardó|43|Horta|155|113|Barcelona
07|Horta-Guinardó|43|Horta|155|114|Barcelona
07|Horta-Guinardó|43|Horta|155|115|Barcelona
07|Horta-Guinardó|43|Horta|155|116|Barcelona
07|Horta-Guinardó|43|Horta|155|117|Barcelona
07|Horta-Guinardó|43|Horta|155|118|Barcelona
07|Horta-Guinardó|43|Horta|156|119|Barcelona
07|Horta-Guinardó|43|Horta|156|120|Barcelona
07|Horta-Guinardó|43|Horta|156|121|Barcelona
07|Horta-Guinardó|43|Horta|156|122|Barcelona
07|Horta-Guinardó|43|Horta|156|123|Barcelona
08|Nou Barris|44|Vilapicina i la Torre Llobeta|157|001|Barcelona
08|Nou Barris|44|Vilapicina i la Torre Llobeta|157|002|Barcelona
08|Nou Barris|44|Vilapicina i la Torre Llobeta|157|003|Barcelona
08|Nou Barris|44|Vilapicina i la Torre Llobeta|157|004|Barcelona
08|Nou Barris|44|Vilapicina i la Torre Llobeta|157|005|Barcelona
08|Nou Barris|44|Vilapicina i la Torre Llobeta|157|006|Barcelona
08|Nou Barris|44|Vilapicina i la Torre Llobeta|157|007|Barcelona
08|Nou Barris|44|Vilapicina i la Torre Llobeta|157|008|Barcelona
08|Nou Barris|44|Vilapicina i la Torre Llobeta|158|009|Barcelona
08|Nou Barris|44|Vilapicina i la Torre Llobeta|159|010|Barcelona
08|Nou Barris|44|Vilapicina i la Torre Llobeta|159|011|Barcelona
08|Nou Barris|44|Vilapicina i la Torre Llobeta|159|012|Barcelona
08|Nou Barris|44|Vilapicina i la Torre Llobeta|159|013|Barcelona
08|Nou Barris|44|Vilapicina i la Torre Llobeta|159|014|Barcelona
08|Nou Barris|44|Vilapicina i la Torre Llobeta|160|015|Barcelona
08|Nou Barris|44|Vilapicina i la Torre Llobeta|160|016|Barcelona
08|Nou Barris|44|Vilapicina i la Torre Llobeta|160|017|Barcelona
08|Nou Barris|44|Vilapicina i la Torre Llobeta|160|018|Barcelona
08|Nou Barris|44|Vilapicina i la Torre Llobeta|160|019|Barcelona
08|Nou Barris|45|Porta|161|020|Barcelona
08|Nou Barris|45|Porta|161|021|Barcelona
08|Nou Barris|45|Porta|161|022|Barcelona
08|Nou Barris|45|Porta|161|023|Barcelona
08|Nou Barris|45|Porta|161|024|Barcelona
08|Nou Barris|45|Porta|161|025|Barcelona
08|Nou Barris|45|Porta|161|026|Barcelona
08|Nou Barris|45|Porta|162|027|Barcelona
08|Nou Barris|45|Porta|162|028|Barcelona
08|Nou Barris|45|Porta|162|029|Barcelona
08|Nou Barris|45|Porta|162|030|Barcelona
08|Nou Barris|45|Porta|163|031|Barcelona
08|Nou Barris|45|Porta|163|032|Barcelona
08|Nou Barris|45|Porta|163|033|Barcelona
08|Nou Barris|45|Porta|163|034|Barcelona
08|Nou Barris|45|Porta|163|035|Barcelona
08|Nou Barris|45|Porta|163|036|Barcelona
08|Nou Barris|45|Porta|163|037|Barcelona
08|Nou Barris|46|el Turó de la Peira|164|038|Barcelona
08|Nou Barris|46|el Turó de la Peira|164|039|Barcelona
08|Nou Barris|46|el Turó de la Peira|164|040|Barcelona
08|Nou Barris|46|el Turó de la Peira|164|041|Barcelona
08|Nou Barris|46|el Turó de la Peira|164|042|Barcelona
08|Nou Barris|46|el Turó de la Peira|164|043|Barcelona
08|Nou Barris|46|el Turó de la Peira|165|044|Barcelona
08|Nou Barris|46|el Turó de la Peira|165|045|Barcelona
08|Nou Barris|46|el Turó de la Peira|165|046|Barcelona
08|Nou Barris|46|el Turó de la Peira|165|047|Barcelona
08|Nou Barris|47|Can Peguera|166|048|Barcelona
08|Nou Barris|47|Can Peguera|166|049|Barcelona
08|Nou Barris|48|la Guineueta|167|050|Barcelona
08|Nou Barris|48|la Guineueta|167|051|Barcelona
08|Nou Barris|48|la Guineueta|167|052|Barcelona
08|Nou Barris|48|la Guineueta|167|053|Barcelona
08|Nou Barris|48|la Guineueta|167|054|Barcelona
08|Nou Barris|48|la Guineueta|167|055|Barcelona
08|Nou Barris|48|la Guineueta|168|056|Barcelona
08|Nou Barris|48|la Guineueta|168|057|Barcelona
08|Nou Barris|48|la Guineueta|168|058|Barcelona
08|Nou Barris|48|la Guineueta|168|059|Barcelona
08|Nou Barris|49|Canyelles|169|060|Barcelona
08|Nou Barris|49|Canyelles|169|061|Barcelona
08|Nou Barris|49|Canyelles|169|062|Barcelona
08|Nou Barris|49|Canyelles|169|063|Barcelona
08|Nou Barris|49|Canyelles|169|064|Barcelona
08|Nou Barris|50|les Roquetes|170|065|Barcelona
08|Nou Barris|50|les Roquetes|170|066|Barcelona
08|Nou Barris|50|les Roquetes|170|067|Barcelona
08|Nou Barris|50|les Roquetes|170|068|Barcelona
08|Nou Barris|50|les Roquetes|170|069|Barcelona
08|Nou Barris|50|les Roquetes|171|070|Barcelona
08|Nou Barris|50|les Roquetes|171|071|Barcelona
08|Nou Barris|50|les Roquetes|171|072|Barcelona
08|Nou Barris|50|les Roquetes|171|073|Barcelona
08|Nou Barris|50|les Roquetes|171|074|Barcelona
08|Nou Barris|51|Verdun|172|075|Barcelona
08|Nou Barris|51|Verdun|172|076|Barcelona
08|Nou Barris|51|Verdun|172|077|Barcelona
08|Nou Barris|51|Verdun|173|078|Barcelona
08|Nou Barris|51|Verdun|173|079|Barcelona
08|Nou Barris|51|Verdun|173|080|Barcelona
08|Nou Barris|51|Verdun|173|081|Barcelona
08|Nou Barris|51|Verdun|173|082|Barcelona
08|Nou Barris|52|la Prosperitat|174|083|Barcelona
08|Nou Barris|52|la Prosperitat|174|084|Barcelona
08|Nou Barris|52|la Prosperitat|174|085|Barcelona
08|Nou Barris|52|la Prosperitat|174|086|Barcelona
08|Nou Barris|52|la Prosperitat|175|087|Barcelona
08|Nou Barris|52|la Prosperitat|175|088|Barcelona
08|Nou Barris|52|la Prosperitat|175|089|Barcelona
08|Nou Barris|52|la Prosperitat|175|090|Barcelona
08|Nou Barris|52|la Prosperitat|175|091|Barcelona
08|Nou Barris|52|la Prosperitat|176|092|Barcelona
08|Nou Barris|52|la Prosperitat|176|093|Barcelona
08|Nou Barris|52|la Prosperitat|176|094|Barcelona
08|Nou Barris|52|la Prosperitat|176|095|Barcelona
08|Nou Barris|52|la Prosperitat|177|096|Barcelona
08|Nou Barris|52|la Prosperitat|177|097|Barcelona
08|Nou Barris|52|la Prosperitat|177|098|Barcelona
08|Nou Barris|52|la Prosperitat|177|099|Barcelona
08|Nou Barris|52|la Prosperitat|177|100|Barcelona
08|Nou Barris|52|la Prosperitat|177|101|Barcelona
08|Nou Barris|52|la Prosperitat|177|102|Barcelona
08|Nou Barris|53|la Trinitat Nova|178|103|Barcelona
08|Nou Barris|53|la Trinitat Nova|178|104|Barcelona
08|Nou Barris|53|la Trinitat Nova|178|105|Barcelona
08|Nou Barris|53|la Trinitat Nova|178|106|Barcelona
08|Nou Barris|53|la Trinitat Nova|178|107|Barcelona
08|Nou Barris|54|Torre Baró|179|108|Barcelona
08|Nou Barris|54|Torre Baró|179|109|Barcelona
08|Nou Barris|55|Ciutat Meridiana|180|110|Barcelona
08|Nou Barris|55|Ciutat Meridiana|180|111|Barcelona
08|Nou Barris|55|Ciutat Meridiana|180|112|Barcelona
08|Nou Barris|55|Ciutat Meridiana|180|113|Barcelona
08|Nou Barris|55|Ciutat Meridiana|180|114|Barcelona
08|Nou Barris|55|Ciutat Meridiana|180|115|Barcelona
08|Nou Barris|56|Vallbona|181|116|Barcelona
08|Nou Barris|48|la Guineueta|167|215|Barcelona
09|Sant Andreu|57|la Trinitat Vella|182|001|Barcelona
09|Sant Andreu|57|la Trinitat Vella|182|002|Barcelona
09|Sant Andreu|57|la Trinitat Vella|182|003|Barcelona
09|Sant Andreu|57|la Trinitat Vella|182|004|Barcelona
09|Sant Andreu|57|la Trinitat Vella|182|005|Barcelona
09|Sant Andreu|58|Baró de Viver|183|006|Barcelona
09|Sant Andreu|58|Baró de Viver|183|007|Barcelona
09|Sant Andreu|59|el Bon Pastor|184|008|Barcelona
09|Sant Andreu|59|el Bon Pastor|184|009|Barcelona
09|Sant Andreu|59|el Bon Pastor|185|010|Barcelona
09|Sant Andreu|59|el Bon Pastor|185|011|Barcelona
09|Sant Andreu|59|el Bon Pastor|185|013|Barcelona
09|Sant Andreu|59|el Bon Pastor|185|014|Barcelona
09|Sant Andreu|59|el Bon Pastor|185|015|Barcelona
09|Sant Andreu|60|Sant Andreu|186|016|Barcelona
09|Sant Andreu|60|Sant Andreu|186|017|Barcelona
09|Sant Andreu|60|Sant Andreu|186|018|Barcelona
09|Sant Andreu|60|Sant Andreu|186|019|Barcelona
09|Sant Andreu|60|Sant Andreu|186|020|Barcelona
09|Sant Andreu|60|Sant Andreu|186|021|Barcelona
09|Sant Andreu|60|Sant Andreu|186|022|Barcelona
09|Sant Andreu|60|Sant Andreu|186|023|Barcelona
09|Sant Andreu|60|Sant Andreu|187|024|Barcelona
09|Sant Andreu|60|Sant Andreu|187|025|Barcelona
09|Sant Andreu|60|Sant Andreu|187|026|Barcelona
09|Sant Andreu|60|Sant Andreu|187|027|Barcelona
09|Sant Andreu|60|Sant Andreu|188|028|Barcelona
09|Sant Andreu|60|Sant Andreu|188|029|Barcelona
09|Sant Andreu|60|Sant Andreu|188|030|Barcelona
09|Sant Andreu|60|Sant Andreu|188|031|Barcelona
09|Sant Andreu|60|Sant Andreu|189|032|Barcelona
09|Sant Andreu|60|Sant Andreu|189|033|Barcelona
09|Sant Andreu|60|Sant Andreu|190|034|Barcelona
09|Sant Andreu|60|Sant Andreu|190|035|Barcelona
09|Sant Andreu|60|Sant Andreu|190|036|Barcelona
09|Sant Andreu|60|Sant Andreu|190|037|Barcelona
09|Sant Andreu|60|Sant Andreu|190|038|Barcelona
09|Sant Andreu|60|Sant Andreu|190|039|Barcelona
09|Sant Andreu|60|Sant Andreu|191|040|Barcelona
09|Sant Andreu|60|Sant Andreu|191|041|Barcelona
09|Sant Andreu|60|Sant Andreu|191|042|Barcelona
09|Sant Andreu|60|Sant Andreu|191|043|Barcelona
09|Sant Andreu|60|Sant Andreu|191|044|Barcelona
09|Sant Andreu|60|Sant Andreu|191|045|Barcelona
09|Sant Andreu|60|Sant Andreu|192|046|Barcelona
09|Sant Andreu|60|Sant Andreu|192|047|Barcelona
09|Sant Andreu|60|Sant Andreu|192|048|Barcelona
09|Sant Andreu|60|Sant Andreu|192|049|Barcelona
09|Sant Andreu|60|Sant Andreu|192|050|Barcelona
09|Sant Andreu|60|Sant Andreu|192|051|Barcelona
09|Sant Andreu|60|Sant Andreu|192|052|Barcelona
09|Sant Andreu|60|Sant Andreu|192|053|Barcelona
09|Sant Andreu|60|Sant Andreu|192|054|Barcelona
09|Sant Andreu|61|la Sagrera|193|055|Barcelona
09|Sant Andreu|61|la Sagrera|193|056|Barcelona
09|Sant Andreu|61|la Sagrera|193|057|Barcelona
09|Sant Andreu|61|la Sagrera|193|058|Barcelona
09|Sant Andreu|61|la Sagrera|193|059|Barcelona
09|Sant Andreu|61|la Sagrera|193|060|Barcelona
09|Sant Andreu|61|la Sagrera|194|061|Barcelona
09|Sant Andreu|61|la Sagrera|194|062|Barcelona
09|Sant Andreu|61|la Sagrera|195|063|Barcelona
09|Sant Andreu|61|la Sagrera|195|064|Barcelona
09|Sant Andreu|61|la Sagrera|195|065|Barcelona
09|Sant Andreu|61|la Sagrera|195|066|Barcelona
09|Sant Andreu|61|la Sagrera|195|067|Barcelona
09|Sant Andreu|61|la Sagrera|196|068|Barcelona
09|Sant Andreu|61|la Sagrera|196|069|Barcelona
09|Sant Andreu|61|la Sagrera|196|070|Barcelona
09|Sant Andreu|61|la Sagrera|196|071|Barcelona
09|Sant Andreu|61|la Sagrera|196|072|Barcelona
09|Sant Andreu|61|la Sagrera|196|073|Barcelona
09|Sant Andreu|62|el Congrés i els Indians|197|074|Barcelona
09|Sant Andreu|62|el Congrés i els Indians|197|075|Barcelona
09|Sant Andreu|62|el Congrés i els Indians|197|076|Barcelona
09|Sant Andreu|62|el Congrés i els Indians|197|077|Barcelona
09|Sant Andreu|62|el Congrés i els Indians|198|078|Barcelona
09|Sant Andreu|62|el Congrés i els Indians|198|079|Barcelona
09|Sant Andreu|62|el Congrés i els Indians|198|080|Barcelona
09|Sant Andreu|62|el Congrés i els Indians|198|081|Barcelona
09|Sant Andreu|62|el Congrés i els Indians|198|082|Barcelona
09|Sant Andreu|63|Navas|199|083|Barcelona
09|Sant Andreu|63|Navas|199|084|Barcelona
09|Sant Andreu|63|Navas|199|085|Barcelona
09|Sant Andreu|63|Navas|199|086|Barcelona
09|Sant Andreu|63|Navas|199|087|Barcelona
09|Sant Andreu|63|Navas|199|088|Barcelona
09|Sant Andreu|63|Navas|199|089|Barcelona
09|Sant Andreu|63|Navas|200|090|Barcelona
09|Sant Andreu|63|Navas|200|091|Barcelona
09|Sant Andreu|63|Navas|200|092|Barcelona
09|Sant Andreu|63|Navas|200|093|Barcelona
09|Sant Andreu|63|Navas|200|094|Barcelona
09|Sant Andreu|63|Navas|200|095|Barcelona
09|Sant Andreu|61|la Sagrera|193|156|Barcelona
10|Sant Martí|64|el Camp de l'Arpa del Clot|201|001|Barcelona
10|Sant Martí|64|el Camp de l'Arpa del Clot|201|002|Barcelona
10|Sant Martí|64|el Camp de l'Arpa del Clot|201|003|Barcelona
10|Sant Martí|64|el Camp de l'Arpa del Clot|201|004|Barcelona
10|Sant Martí|64|el Camp de l'Arpa del Clot|201|005|Barcelona
10|Sant Martí|64|el Camp de l'Arpa del Clot|202|006|Barcelona
10|Sant Martí|64|el Camp de l'Arpa del Clot|202|007|Barcelona
10|Sant Martí|64|el Camp de l'Arpa del Clot|202|008|Barcelona
10|Sant Martí|64|el Camp de l'Arpa del Clot|202|009|Barcelona
10|Sant Martí|64|el Camp de l'Arpa del Clot|202|010|Barcelona
10|Sant Martí|64|el Camp de l'Arpa del Clot|202|011|Barcelona
10|Sant Martí|64|el Camp de l'Arpa del Clot|203|012|Barcelona
10|Sant Martí|64|el Camp de l'Arpa del Clot|203|013|Barcelona
10|Sant Martí|64|el Camp de l'Arpa del Clot|203|014|Barcelona
10|Sant Martí|64|el Camp de l'Arpa del Clot|203|015|Barcelona
10|Sant Martí|64|el Camp de l'Arpa del Clot|203|016|Barcelona
10|Sant Martí|64|el Camp de l'Arpa del Clot|203|017|Barcelona
10|Sant Martí|64|el Camp de l'Arpa del Clot|203|018|Barcelona
10|Sant Martí|64|el Camp de l'Arpa del Clot|204|019|Barcelona
10|Sant Martí|64|el Camp de l'Arpa del Clot|204|020|Barcelona
10|Sant Martí|64|el Camp de l'Arpa del Clot|204|021|Barcelona
10|Sant Martí|64|el Camp de l'Arpa del Clot|204|022|Barcelona
10|Sant Martí|64|el Camp de l'Arpa del Clot|204|023|Barcelona
10|Sant Martí|64|el Camp de l'Arpa del Clot|204|024|Barcelona
10|Sant Martí|64|el Camp de l'Arpa del Clot|204|025|Barcelona
10|Sant Martí|65|el Clot|205|026|Barcelona
10|Sant Martí|65|el Clot|205|027|Barcelona
10|Sant Martí|65|el Clot|205|028|Barcelona
10|Sant Martí|65|el Clot|205|029|Barcelona
10|Sant Martí|65|el Clot|205|030|Barcelona
10|Sant Martí|65|el Clot|205|031|Barcelona
10|Sant Martí|65|el Clot|206|032|Barcelona
10|Sant Martí|65|el Clot|206|033|Barcelona
10|Sant Martí|65|el Clot|206|034|Barcelona
10|Sant Martí|65|el Clot|206|035|Barcelona
10|Sant Martí|65|el Clot|206|036|Barcelona
10|Sant Martí|65|el Clot|206|037|Barcelona
10|Sant Martí|65|el Clot|207|038|Barcelona
10|Sant Martí|65|el Clot|207|039|Barcelona
10|Sant Martí|65|el Clot|207|040|Barcelona
10|Sant Martí|65|el Clot|207|041|Barcelona
10|Sant Martí|66|el Parc i la Llacuna del Poblenou|208|042|Barcelona
10|Sant Martí|66|el Parc i la Llacuna del Poblenou|208|043|Barcelona
10|Sant Martí|66|el Parc i la Llacuna del Poblenou|209|044|Barcelona
10|Sant Martí|66|el Parc i la Llacuna del Poblenou|209|045|Barcelona
10|Sant Martí|66|el Parc i la Llacuna del Poblenou|209|046|Barcelona
10|Sant Martí|66|el Parc i la Llacuna del Poblenou|209|047|Barcelona
10|Sant Martí|66|el Parc i la Llacuna del Poblenou|209|048|Barcelona
10|Sant Martí|66|el Parc i la Llacuna del Poblenou|209|049|Barcelona
10|Sant Martí|66|el Parc i la Llacuna del Poblenou|209|050|Barcelona
10|Sant Martí|67|la Vila Olímpica del Poblenou|210|051|Barcelona
10|Sant Martí|67|la Vila Olímpica del Poblenou|210|052|Barcelona
10|Sant Martí|67|la Vila Olímpica del Poblenou|210|053|Barcelona
10|Sant Martí|67|la Vila Olímpica del Poblenou|210|054|Barcelona
10|Sant Martí|67|la Vila Olímpica del Poblenou|211|055|Barcelona
10|Sant Martí|68|el Poblenou|212|056|Barcelona
10|Sant Martí|68|el Poblenou|212|057|Barcelona
10|Sant Martí|68|el Poblenou|212|058|Barcelona
10|Sant Martí|68|el Poblenou|213|059|Barcelona
10|Sant Martí|68|el Poblenou|213|060|Barcelona
10|Sant Martí|68|el Poblenou|213|061|Barcelona
10|Sant Martí|68|el Poblenou|213|062|Barcelona
10|Sant Martí|68|el Poblenou|214|063|Barcelona
10|Sant Martí|68|el Poblenou|214|064|Barcelona
10|Sant Martí|68|el Poblenou|214|065|Barcelona
10|Sant Martí|68|el Poblenou|214|066|Barcelona
10|Sant Martí|68|el Poblenou|214|067|Barcelona
10|Sant Martí|68|el Poblenou|214|068|Barcelona
10|Sant Martí|68|el Poblenou|215|069|Barcelona
10|Sant Martí|68|el Poblenou|215|070|Barcelona
10|Sant Martí|68|el Poblenou|215|071|Barcelona
10|Sant Martí|68|el Poblenou|215|072|Barcelona
10|Sant Martí|68|el Poblenou|215|073|Barcelona
10|Sant Martí|68|el Poblenou|215|074|Barcelona
10|Sant Martí|68|el Poblenou|215|075|Barcelona
10|Sant Martí|69|Diagonal Mar i el Front Marítim del Poblenou|216|076|Barcelona
10|Sant Martí|69|Diagonal Mar i el Front Marítim del Poblenou|217|077|Barcelona
10|Sant Martí|69|Diagonal Mar i el Front Marítim del Poblenou|217|078|Barcelona
10|Sant Martí|69|Diagonal Mar i el Front Marítim del Poblenou|217|079|Barcelona
10|Sant Martí|69|Diagonal Mar i el Front Marítim del Poblenou|218|080|Barcelona
10|Sant Martí|70|el Besòs i el Maresme|219|081|Barcelona
10|Sant Martí|70|el Besòs i el Maresme|219|082|Barcelona
10|Sant Martí|70|el Besòs i el Maresme|219|083|Barcelona
10|Sant Martí|70|el Besòs i el Maresme|219|084|Barcelona
10|Sant Martí|70|el Besòs i el Maresme|220|085|Barcelona
10|Sant Martí|70|el Besòs i el Maresme|220|086|Barcelona
10|Sant Martí|70|el Besòs i el Maresme|220|087|Barcelona
10|Sant Martí|70|el Besòs i el Maresme|220|088|Barcelona
10|Sant Martí|70|el Besòs i el Maresme|221|089|Barcelona
10|Sant Martí|70|el Besòs i el Maresme|222|090|Barcelona
10|Sant Martí|70|el Besòs i el Maresme|222|091|Barcelona
10|Sant Martí|70|el Besòs i el Maresme|222|092|Barcelona
10|Sant Martí|70|el Besòs i el Maresme|222|093|Barcelona
10|Sant Martí|71|Provençals del Poblenou|223|094|Barcelona
10|Sant Martí|71|Provençals del Poblenou|223|095|Barcelona
10|Sant Martí|71|Provençals del Poblenou|224|096|Barcelona
10|Sant Martí|71|Provençals del Poblenou|224|097|Barcelona
10|Sant Martí|71|Provençals del Poblenou|224|098|Barcelona
10|Sant Martí|71|Provençals del Poblenou|224|099|Barcelona
10|Sant Martí|71|Provençals del Poblenou|224|100|Barcelona
10|Sant Martí|71|Provençals del Poblenou|225|101|Barcelona
10|Sant Martí|71|Provençals del Poblenou|225|102|Barcelona
10|Sant Martí|71|Provençals del Poblenou|225|103|Barcelona
10|Sant Martí|71|Provençals del Poblenou|225|104|Barcelona
10|Sant Martí|72|Sant Martí de Provençals|226|105|Barcelona
10|Sant Martí|72|Sant Martí de Provençals|226|106|Barcelona
10|Sant Martí|72|Sant Martí de Provençals|226|107|Barcelona
10|Sant Martí|72|Sant Martí de Provençals|226|108|Barcelona
10|Sant Martí|72|Sant Martí de Provençals|226|109|Barcelona
10|Sant Martí|72|Sant Martí de Provençals|226|110|Barcelona
10|Sant Martí|72|Sant Martí de Provençals|227|111|Barcelona
10|Sant Martí|72|Sant Martí de Provençals|227|112|Barcelona
10|Sant Martí|72|Sant Martí de Provençals|227|113|Barcelona
10|Sant Martí|72|Sant Martí de Provençals|227|114|Barcelona
10|Sant Martí|72|Sant Martí de Provençals|228|115|Barcelona
10|Sant Martí|72|Sant Martí de Provençals|228|116|Barcelona
10|Sant Martí|72|Sant Martí de Provençals|228|117|Barcelona
10|Sant Martí|72|Sant Martí de Provençals|228|118|Barcelona
10|Sant Martí|72|Sant Martí de Provençals|228|119|Barcelona
10|Sant Martí|72|Sant Martí de Provençals|229|120|Barcelona
10|Sant Martí|72|Sant Martí de Provençals|229|121|Barcelona
10|Sant Martí|72|Sant Martí de Provençals|229|122|Barcelona
10|Sant Martí|73|la Verneda i la Pau|230|123|Barcelona
10|Sant Martí|73|la Verneda i la Pau|230|124|Barcelona
10|Sant Martí|73|la Verneda i la Pau|230|125|Barcelona
10|Sant Martí|73|la Verneda i la Pau|230|126|Barcelona
10|Sant Martí|73|la Verneda i la Pau|230|127|Barcelona
10|Sant Martí|73|la Verneda i la Pau|230|128|Barcelona
10|Sant Martí|73|la Verneda i la Pau|230|129|Barcelona
10|Sant Martí|73|la Verneda i la Pau|231|130|Barcelona
10|Sant Martí|73|la Verneda i la Pau|231|131|Barcelona
10|Sant Martí|73|la Verneda i la Pau|231|132|Barcelona
10|Sant Martí|73|la Verneda i la Pau|231|133|Barcelona
10|Sant Martí|73|la Verneda i la Pau|231|134|Barcelona
10|Sant Martí|73|la Verneda i la Pau|231|135|Barcelona
10|Sant Martí|73|la Verneda i la Pau|232|136|Barcelona
10|Sant Martí|73|la Verneda i la Pau|232|137|Barcelona
10|Sant Martí|73|la Verneda i la Pau|232|138|Barcelona
10|Sant Martí|73|la Verneda i la Pau|232|139|Barcelona
10|Sant Martí|73|la Verneda i la Pau|233|140|Barcelona
10|Sant Martí|73|la Verneda i la Pau|233|141|Barcelona
10|Sant Martí|73|la Verneda i la Pau|233|142|Barcelona
10|Sant Martí|73|la Verneda i la Pau|233|143|Barcelona
10|Sant Martí|65|el Clot|206|234|Barcelona
10|Sant Martí|69|Diagonal Mar i el Front Marítim del Poblenou|216|235|Barcelona
10|Sant Martí|69|Diagonal Mar i el Front Marítim del Poblenou|216|236|Barcelona
10|Sant Martí|71|Provençals del Poblenou|225|237|Barcelona
